Fname,Lname,Role,State,Zip
Vivek ,Farley,,Florida,32937
Prince ,Hampton,,New Hampshire,3038
Essa ,Ross,,Connecticut,6066
Hussain ,Roche,,Arkansas,71603
Sarah-Jayne ,Cordova,,Washington,98102
Marcus ,Craig,,Hawaii,96782
Reem ,Bruce,,Louisiana,70806
Caio,Dyer,,California,90278
Usamah ,Dunlap,,South Dakota,57106
Jaylen ,Hamilton,,North Carolina,27265
Shelbie,Wilkinson,,New Jersey,8859
Storm,Huber,,New Mexico,88001
Hazel,Santos,,Alabama,36526
Teejay,Carson,,Oklahoma,73054
Tyreese,Ireland,,South Dakota,57103
Anaiya,Eastwood,,South Carolina,29501
Rico,Roman,,Tennessee,37013
Ferne,Duarte,,Nebraska,68107
Shahzaib,Finney,,Indiana,46037
Cameron,Healy,,Kentucky,40207
Magnus,Montgomery,,North Dakota,58078
Ida,Browne,,Kansas,66118
Lincoln,Parsons,,New Jersey,3038
Roland,Esquivel,,Alabama,35007
Courteney,Floyd,,Alaska,99517
Lily,Kaye,,Washington,98102
Kameron,Jenkins,,Oregon,97055
Nishat ,Graham,,California,94070
Mina ,Emerson,,Georgia,30092
Erik,Storey,,Iowa,50701
Francisco,Case,,Illinois,60426
Dianne,Coffey,,Louisiana,71112
Hashim,Robson,,New Mexico,87505
Yasemin,Bateman,,Florida,34990
Tom,Puckett,,Oklahoma,73072
Adnan,Palacios,,New York,10954
Tania,Bone,,Hawaii,96786
Arnav,Beasley,,Nevada,89110
Erica,Crawford,,Virginia,23666
Rishi,Rush,,West Virginia,26301
Allen,Navarro,,Iowa,51501
Humphrey,Watt,,Alaska,99712
Marilyn,Blackburn,,Florida,33917
Edwin,Marin,,Missouri,63104
Celia,Roach,,Missouri,63106
Cade,Mcphee,,Minnesota,39759
Areebah,Hood,,Montana,59101
Amiya,Haas,,Delaware,19904
